6619500,7868|2683|11196|27791|8689
5952250,7868|2683|11196|27791|8689
145750,7868|2683|27791|8689|14020
9288000,7868|2683|11196|27791|8689
12008000,7868|2683|11196|27791|8689
8555500,7868|2683|11196|27791|8689
425500,7868|2683|11196|27791|8689
4853750,7868|2683|11196|27791|8689
5980500,7868|2683|11196|27791|8689
4256500,7868|2683|11196|27791|8689
9039750,7868|2683|27791|8689|14020
4115500,7868|2683|11196|27791|8689
12215000,7868|2683|11196|27791|8689
591750,7868|2683|11196|27791|8689
11947000,7868|2683|11196|27791|8689
5256500,7868|2683|11196|27791|8689
7367000,7868|2683|11196|27791|8689
4956000,7868|2683|11196|27791|8689
7927750,7868|2683|11196|27791|8689
9982500,7868|2683|11196|27791|8689
4606000,7868|2683|11196|27791|8689
6572500,7868|2683|11196|27791|8689
10443000,7868|2683|11196|27791|8689
1710500,7868|2683|11196|27791|8689
9706000,7868|2683|11196|27791|8689
3913250,7868|2683|11196|27791|905
1627000,7868|2683|11196|27791|8689
10063000,7868|2683|11196|27791|8689
4195500,7868|2683|11196|27791|8689
239250,7868|2683|11196|27791|8689
5292000,7868|2683|11196|27791|8689
1194750,7868|2683|11196|27791|8689
5108000,7868|2683|11196|27791|8689
1617250,7868|2683|11196|8689|14020
4054000,7868|2683|11196|27791|8689
8145500,7868|2683|11196|27791|8689
567250,2683|11196|8689|14020|905
12371000,7868|2683|11196|27791|8689
6867750,7868|2683|11196|27791|8689
1319000,7868|2683|11196|27791|8689
1832000,7868|2683|11196|27791|8689
3188000,7868|2683|11196|27791|8689
8430000,7868|2683|11196|27791|8689
29750,7868|2683|11196|27791|8689
980000,7868|2683|11196|27791|8689
5139250,7868|2683|11196|27791|8689
6099250,7868|2683|11196|27791|8689
2050000,7868|2683|11196|27791|8689
2316250,7868|2683|11196|27791|8689
10533750,7868|2683|11196|27791|8689
10915250,7868|2683|11196|27791|8689
6458000,7868|2683|11196|27791|8689
4557250,7868|2683|11196|27791|8689
6250250,7868|2683|11196|27791|8689
8909750,7868|2683|11196|27791|8689
7116750,7868|2683|11196|27791|8689
1815750,7868|2683|11196|27791|8689
1971500,7868|2683|11196|8689|14020
5170500,7868|2683|11196|27791|8689
11111500,7868|2683|11196|8689|14020
6996000,7868|2683|11196|27791|8689
7016500,7868|2683|11196|27791|8689
3335000,7868|2683|11196|27791|8689
6264750,7868|2683|11196|27791|8689
9202750,7868|2683|11196|27791|8689
10302500,7868|2683|11196|27791|14020
3114000,7868|2683|11196|27791|8689
9015000,7868|2683|11196|27791|8689
452750,7868|2683|11196|27791|8689
3404000,7868|2683|11196|8689|14020
1063000,7868|2683|11196|27791|8689
8435250,7868|2683|11196|27791|8689
8869250,7868|2683|11196|27791|8689
6126750,7868|2683|11196|27791|8689
6766250,7868|2683|11196|8689|14020
1579250,7868|2683|11196|27791|8689
764750,7868|2683|11196|27791|8689
2910750,7868|2683|11196|27791|8689
12417500,7868|2683|11196|27791|14020
8156500,7868|2683|11196|27791|8689
418500,7868|2683|11196|27791|8689
3245250,7868|2683|11196|27791|8689
4423500,7868|2683|11196|27791|8689
8195000,7868|2683|11196|27791|8689
11632250,7868|2683|11196|27791|8689
5034000,7868|2683|11196|27791|8689
8845250,7868|2683|11196|27791|8689
3168000,7868|2683|11196|27791|8689
11493000,2683|11196|27791|8689|14020
9079500,2683|11196|27791|8689|14020
8730250,7868|2683|11196|27791|8689
65500,7868|2683|11196|27791|8689
6515500,7868|2683|11196|27791|8689
832250,7868|2683|11196|8689|14020
10054250,7868|2683|11196|27791|8689
4503500,7868|2683|11196|27791|8689
11142000,7868|2683|11196|27791|8689
4376250,7868|2683|11196|27791|14020
5901250,7868|2683|11196|27791|8689
10521000,2683|11196|27791|8689|14020
1561250,7868|2683|11196|27791|8689
7568750,7868|2683|11196|27791|8689
2182750,7868|2683|11196|27791|8689
190500,7868|2683|11196|27791|8689
3977750,7868|2683|11196|27791|8689
10401500,7868|2683|11196|8689|14020
4814750,7868|2683|11196|27791|8689
3226500,7868|2683|11196|8689|14020
3588500,7868|2683|11196|27791|8689
6247250,7868|2683|11196|27791|8689
10885750,7868|2683|11196|27791|8689
11552750,7868|2683|11196|8689|14020
10322250,7868|2683|11196|27791|8689
7483500,7868|2683|11196|27791|8689
3148500,7868|2683|11196|27791|8689
11169500,7868|2683|11196|27791|8689
7149500,7868|2683|11196|27791|8689
10598500,7868|2683|11196|27791|8689
47000,7868|2683|11196|27791|8689
4102750,7868|2683|11196|27791|8689
5655250,7868|2683|27791|8689|14020
3293750,7868|2683|11196|27791|8689
341000,7868|2683|11196|27791|8689
267250,7868|2683|11196|27791|8689
6654750,7868|2683|11196|27791|8689
5957500,7868|2683|11196|27791|8689
4475750,7868|2683|11196|27791|14020
7190750,7868|2683|11196|8689|14020
7163250,7868|2683|11196|27791|14020
12231250,7868|2683|11196|27791|8689
12386500,7868|2683|11196|27791|8689
11535500,7868|2683|11196|27791|8689
9842500,7868|2683|11196|27791|8689
7320250,7868|2683|11196|27791|8689
3009000,7868|2683|11196|27791|8689
6205000,7868|2683|11196|27791|8689
1727500,7868|2683|11196|27791|8689
4907500,7868|2683|27791|8689|14020
6299000,7868|2683|11196|27791|8689
4454500,7868|2683|11196|27791|8689
2251750,7868|2683|11196|27791|8689
382250,7868|2683|11196|27791|8689
9351750,7868|2683|11196|27791|8689
10773000,7868|2683|11196|27791|8689
4804500,7868|2683|11196|27791|8689
9044750,7868|2683|11196|27791|8689
10696000,7868|2683|11196|27791|8689
5199750,7868|2683|11196|27791|8689
3952000,7868|2683|11196|27791|8689
2756000,7868|2683|11196|27791|8689
140500,7868|2683|11196|27791|8689
11496750,7868|2683|11196|27791|8689
8617500,7868|2683|11196|27791|8689
7600250,7868|2683|11196|27791|8689
6433000,7868|2683|11196|27791|8689
2704750,7868|2683|11196|27791|8689
232000,2683|11196|27791|8689|14020
415500,7868|2683|11196|27791|8689
528250,7868|2683|11196|27791|8689
10069500,2683|11196|27791|8689|14020
1530250,7868|2683|11196|27791|8689
1189000,7868|2683|11196|27791|8689
4378500,7868|2683|11196|27791|8689
7211250,7868|2683|11196|27791|8689
5754500,7868|2683|11196|27791|8689
7810250,7868|2683|11196|27791|8689
7513250,7868|2683|11196|27791|8689
3520000,7868|2683|11196|27791|8689
4852000,7868|2683|11196|27791|8689
9839750,7868|2683|11196|27791|8689
8622000,7868|2683|11196|27791|8689
3396250,7868|2683|11196|27791|8689
8353250,7868|2683|11196|27791|8689
8123500,7868|2683|11196|27791|8689
8910750,7868|2683|11196|27791|8689
299750,7868|2683|11196|27791|8689
1969000,7868|2683|11196|27791|8689
5011500,7868|2683|27791|8689|14020
4035250,7868|2683|11196|27791|8689
12275500,7868|2683|11196|27791|8689
7450000,7868|2683|11196|8689|14020
3795000,7868|2683|11196|27791|8689
8528750,7868|2683|11196|8689|14020
5354000,7868|2683|11196|27791|8689
2874500,2683|11196|27791|8689|14020
1531250,7868|2683|11196|27791|8689
10018000,7868|2683|11196|27791|8689
2103250,7868|2683|11196|27791|8689
5735000,7868|2683|11196|27791|8689
5279750,7868|2683|11196|27791|8689
1812000,2683|27791|8689|14020|905
5828250,7868|2683|11196|27791|8689
6233750,7868|2683|11196|27791|8689
11761750,7868|2683|11196|27791|8689
4186500,7868|2683|11196|27791|8689
2797750,7868|2683|11196|27791|8689
9420500,7868|2683|11196|27791|8689
9794000,7868|2683|11196|27791|8689
6266000,7868|2683|11196|27791|8689
5059000,7868|2683|11196|27791|8689
4097500,7868|2683|11196|27791|8689
2626250,7868|2683|11196|27791|8689
9685000,7868|2683|11196|27791|8689
11225500,7868|2683|11196|27791|8689
4370750,7868|2683|11196|27791|8689
8523250,7868|2683|11196|27791|8689
847750,7868|2683|11196|27791|8689
9244000,2683|11196|27791|8689|14020
8102000,7868|2683|11196|27791|8689
1792000,7868|2683|11196|27791|8689
8633500,7868|2683|11196|27791|8689
6412750,7868|2683|11196|27791|8689
9463750,7868|2683|11196|27791|8689
9076750,7868|2683|11196|27791|8689
11352000,7868|2683|11196|27791|8689
1782250,7868|2683|11196|27791|8689
11782250,7868|2683|11196|27791|8689
9979000,7868|2683|11196|27791|8689
1074500,7868|2683|11196|27791|8689
5320000,7868|2683|11196|27791|8689
64000,7868|2683|11196|27791|8689
11874000,7868|2683|11196|27791|8689
7218000,7868|2683|11196|27791|8689
11022500,7868|2683|11196|27791|8689
2350750,7868|2683|11196|27791|8689
11579750,7868|2683|11196|27791|8689
10790500,7868|2683|11196|27791|8689
3272000,7868|2683|11196|27791|8689
8060000,7868|2683|11196|27791|8689
3089500,7868|2683|11196|27791|8689
5248750,7868|2683|11196|27791|8689
5608250,7868|2683|11196|27791|8689
4399750,7868|2683|11196|27791|8689
2616250,7868|2683|11196|27791|8689
10831750,7868|2683|11196|27791|8689
2768250,7868|2683|11196|27791|8689
8701250,7868|2683|11196|27791|8689
7921500,7868|2683|11196|27791|8689
3344750,7868|2683|11196|27791|8689
11601500,7868|2683|11196|27791|8689
1699500,7868|2683|11196|27791|8689
5948500,7868|2683|11196|27791|8689
11321750,7868|2683|11196|27791|8689
5780000,7868|2683|11196|27791|8689
11701500,7868|2683|11196|27791|8689
6897000,7868|2683|11196|27791|8689
3981750,7868|2683|11196|8689|14020
9344000,7868|2683|11196|27791|8689
854250,7868|2683|11196|27791|8689
3326250,7868|2683|11196|27791|8689
8702500,7868|2683|27791|8689|14020
9488750,7868|2683|11196|27791|8689
6140500,7868|2683|11196|27791|8689
8017000,7868|2683|11196|27791|8689
5068750,7868|2683|11196|27791|8689
4994000,7868|2683|11196|27791|8689
10566000,2683|11196|27791|8689|14020
7797000,7868|2683|27791|8689|14020
9035750,7868|2683|11196|27791|8689
3282250,7868|2683|11196|27791|8689
981000,7868|2683|11196|27791|8689
3249250,7868|2683|11196|27791|8689
3954500,7868|2683|11196|27791|8689
10064500,7868|2683|11196|27791|8689
2168250,2683|11196|27791|8689|14020
2737250,7868|2683|11196|27791|8689
6458250,7868|2683|11196|27791|8689
6998500,7868|2683|11196|27791|8689
11535250,7868|2683|11196|27791|8689
6172000,7868|2683|11196|27791|8689
1525000,7868|2683|27791|8689|14020
4844000,2683|11196|27791|8689|14020
1492500,7868|2683|11196|27791|8689
3035250,7868|2683|11196|27791|8689
11362000,7868|2683|11196|27791|8689
7545250,7868|2683|11196|27791|8689
10972250,7868|2683|11196|27791|8689
10628500,7868|2683|11196|8689|14020
11391250,7868|2683|11196|27791|8689
2088000,7868|2683|11196|27791|8689
7687500,2683|11196|27791|8689|14020
5024500,7868|2683|11196|27791|8689
4073250,7868|2683|11196|27791|8689
2200750,7868|2683|11196|27791|8689
7854500,7868|2683|11196|27791|8689
4087750,7868|2683|11196|27791|8689
317500,7868|2683|11196|27791|8689
1446250,7868|2683|11196|27791|8689
4063000,7868|2683|11196|27791|8689
9782000,7868|2683|11196|27791|8689
5491500,7868|2683|11196|27791|8689
6014750,7868|2683|11196|27791|8689
11772000,7868|2683|11196|27791|8689
4850000,7868|2683|11196|27791|8689
4153000,7868|2683|11196|27791|8689
11339250,7868|2683|11196|27791|8689
11631250,7868|2683|11196|27791|8689
620500,7868|2683|11196|27791|8689
7306250,7868|2683|11196|27791|8689
11137750,7868|2683|11196|27791|8689
4037500,7868|2683|11196|27791|8689
5915250,7868|2683|11196|27791|8689
5082500,7868|2683|11196|27791|8689
6768000,7868|2683|11196|27791|8689
69500,7868|2683|11196|27791|8689
2808500,7868|2683|11196|27791|8689
5110750,7868|2683|11196|27791|8689
10000250,7868|2683|11196|27791|8689
200250,7868|2683|11196|27791|8689
2852250,7868|2683|11196|27791|8689
650750,7868|2683|11196|27791|8689
10976250,7868|2683|11196|27791|8689
7375000,7868|2683|11196|27791|8689
6380000,7868|2683|11196|27791|8689
12173500,7868|2683|11196|27791|8689
3549000,7868|2683|11196|27791|8689
5027500,7868|2683|11196|27791|8689
11131750,7868|2683|11196|27791|8689
12028500,7868|2683|27791|8689|14020
11847750,7868|2683|11196|27791|8689
805750,7868|2683|11196|27791|8689
6334000,7868|2683|11196|27791|8689
5254500,2683|11196|27791|8689|14020
1838000,7868|2683|11196|27791|8689
405000,7868|2683|11196|27791|8689
9807250,2683|11196|27791|8689|14020
7143250,7868|2683|11196|27791|8689
1140750,2683|11196|27791|8689|14020
7103000,7868|2683|11196|27791|8689
3903500,7868|2683|11196|27791|8689
3963750,7868|2683|11196|27791|8689
6683250,7868|2683|11196|27791|8689
5693000,7868|2683|11196|27791|8689
11114000,7868|2683|11196|27791|8689
6358500,7868|2683|11196|27791|8689
11730000,7868|2683|11196|27791|8689
3552000,7868|2683|11196|27791|8689
1909250,7868|2683|11196|27791|8689
5910250,7868|2683|11196|27791|8689
10592000,7868|2683|11196|27791|8689
3054250,7868|2683|11196|27791|8689
12061000,7868|2683|11196|27791|8689
10264750,7868|2683|11196|27791|8689
1381000,7868|2683|11196|27791|8689
6400000,7868|2683|11196|27791|8689
3719250,7868|2683|11196|27791|8689
5082750,7868|2683|11196|27791|8689
3031750,7868|2683|11196|27791|8689
10653250,7868|2683|11196|27791|8689
7435500,7868|2683|11196|27791|8689
6603750,7868|2683|11196|27791|8689
5407750,7868|2683|11196|27791|8689
7361250,7868|2683|11196|27791|8689
38250,7868|2683|11196|27791|8689
2771250,7868|2683|11196|27791|8689
11307500,7868|2683|11196|27791|8689
3787750,7868|2683|11196|27791|8689
1247000,7868|2683|11196|27791|8689
3684750,7868|2683|11196|27791|8689
3317500,7868|2683|11196|27791|8689
9972250,7868|2683|11196|27791|8689
2870250,7868|2683|11196|27791|8689
8997500,7868|2683|11196|27791|8689
7323750,7868|2683|27791|8689|14020
3573750,7868|2683|11196|27791|8689
7898750,7868|2683|11196|27791|8689
799000,7868|2683|11196|8689|14020
5968250,7868|2683|11196|27791|8689
6015000,7868|2683|11196|27791|8689
5898500,7868|2683|11196|27791|8689
1793250,7868|2683|11196|27791|8689
2921750,7868|2683|11196|8689|14020
434750,7868|2683|11196|27791|8689
5847500,7868|2683|11196|27791|8689
861750,7868|2683|11196|8689|14020
5522250,7868|2683|11196|27791|8689
12234750,7868|2683|11196|27791|8689
4770500,7868|2683|11196|27791|8689
5654000,7868|2683|11196|27791|8689
3592750,7868|2683|11196|27791|8689
8792750,7868|2683|11196|27791|8689
4895250,7868|2683|11196|27791|8689
11590500,7868|2683|11196|27791|8689
3405000,7868|2683|11196|27791|8689
861250,7868|2683|11196|27791|8689
2378500,7868|2683|11196|27791|8689
10047250,7868|2683|11196|27791|8689
4712250,7868|2683|11196|27791|8689
6150750,7868|2683|11196|27791|8689
3581250,7868|2683|11196|27791|8689
10312750,7868|2683|11196|27791|8689
10112000,7868|2683|11196|27791|8689
5440500,7868|2683|11196|27791|8689
203750,7868|2683|11196|27791|8689
4967250,2683|11196|27791|8689|14020
11046750,7868|2683|11196|27791|8689
7269750,7868|2683|11196|27791|8689
4047000,7868|2683|11196|27791|8689
11434750,7868|2683|11196|27791|8689
5906250,7868|2683|11196|8689|14020
10212500,7868|2683|11196|27791|8689
10845500,7868|2683|11196|27791|8689
3216500,7868|2683|11196|27791|8689
1855750,7868|2683|11196|27791|8689
1206500,7868|2683|11196|27791|8689
1966250,7868|2683|11196|27791|8689
5846250,7868|2683|11196|27791|8689
1104500,7868|11196|27791|8689|14020
1934750,7868|2683|11196|27791|8689
5187750,7868|2683|11196|27791|8689
2891500,7868|2683|11196|27791|8689
4876750,7868|2683|11196|27791|8689
10816000,7868|2683|11196|27791|8689
5121750,7868|2683|11196|27791|8689
1047000,7868|2683|11196|27791|8689
2920750,7868|2683|11196|27791|8689
5226500,2683|11196|27791|8689|14020
3751500,7868|2683|11196|27791|8689
621500,7868|11196|27791|8689|14020
6900500,7868|2683|11196|27791|8689
9436000,7868|2683|11196|27791|8689
7568250,7868|2683|11196|27791|8689
5078750,7868|2683|11196|27791|8689
9586500,7868|2683|11196|27791|8689
10768750,7868|2683|11196|27791|8689
1148000,7868|2683|11196|27791|8689
6780500,7868|2683|11196|27791|8689
9592500,7868|2683|11196|27791|8689
9946250,7868|2683|11196|27791|8689
6234000,7868|2683|11196|27791|8689
835000,7868|2683|11196|27791|8689
10933250,7868|2683|11196|27791|8689
11896000,7868|2683|11196|27791|8689
154750,7868|2683|11196|27791|8689
3723750,7868|2683|11196|27791|8689
10609250,7868|2683|11196|27791|8689
4193750,7868|2683|11196|27791|8689
3211250,7868|2683|11196|27791|8689
5438000,7868|2683|11196|27791|8689
1074750,7868|2683|11196|27791|8689
563500,7868|2683|11196|27791|8689
9055750,7868|2683|11196|27791|8689
9716500,7868|2683|11196|27791|8689
3661500,7868|2683|11196|27791|8689
3014750,2683|11196|27791|8689|14020
10944750,7868|2683|11196|27791|8689
2322750,7868|2683|11196|27791|8689
3849750,7868|2683|11196|27791|8689
1911500,7868|2683|11196|27791|8689
8100250,2683|11196|27791|8689|14020
10546500,7868|2683|11196|27791|8689
8172250,7868|2683|11196|27791|8689
9069000,7868|2683|11196|27791|8689
1165500,7868|2683|11196|27791|8689
4317250,7868|2683|11196|27791|8689
11340250,7868|2683|11196|27791|8689
9671750,7868|2683|11196|27791|8689
11397250,7868|2683|11196|27791|8689
3644250,7868|2683|11196|27791|8689
11564250,7868|2683|11196|27791|8689
12377250,7868|2683|11196|27791|905
1046250,7868|2683|11196|8689|14020
5220750,7868|2683|11196|27791|14020
7034000,7868|2683|11196|27791|8689
5037000,2683|8689|14020|905|14261
5745000,7868|2683|11196|27791|8689
2386250,7868|2683|11196|27791|8689
5911250,7868|2683|11196|27791|8689
6497000,7868|2683|11196|27791|8689
6683750,7868|2683|11196|27791|8689
4852500,7868|2683|11196|27791|8689
2138750,7868|2683|11196|27791|8689
2448250,7868|2683|11196|27791|8689
9121750,11196|27791|8689|14020|905
5865750,7868|2683|11196|27791|8689
9811750,7868|2683|11196|27791|8689
1499750,7868|2683|11196|27791|8689
12027000,7868|2683|11196|27791|8689
7860250,7868|2683|11196|27791|8689
10297000,7868|2683|11196|27791|8689
8230750,7868|2683|11196|27791|8689
417250,7868|2683|11196|27791|8689
1110750,7868|2683|11196|27791|8689
3625250,7868|2683|11196|27791|8689
4809750,7868|2683|11196|27791|8689
8314250,7868|2683|27791|8689|14020
9179500,7868|2683|27791|8689|14020
4184250,7868|2683|27791|905|14261
1240250,7868|2683|11196|27791|8689
5264500,7868|2683|11196|8689|14020
10513000,7868|2683|11196|27791|8689
11616250,7868|2683|11196|27791|8689
8799750,7868|2683|11196|27791|8689
8049000,7868|2683|11196|27791|8689
1181250,7868|2683|11196|27791|8689
6700250,7868|2683|11196|27791|8689
8170750,7868|2683|11196|27791|8689
8666500,7868|2683|11196|27791|8689
12384250,7868|2683|11196|27791|8689
725000,7868|2683|11196|27791|8689
3846250,7868|2683|11196|27791|8689
3895750,7868|2683|11196|27791|8689
9628250,7868|2683|11196|27791|8689
11716000,7868|2683|11196|27791|8689
266500,7868|2683|11196|27791|8689
10756500,7868|2683|11196|27791|8689
6977000,7868|2683|11196|27791|8689
1985250,7868|2683|11196|27791|8689
309750,7868|2683|11196|27791|8689
2882750,7868|2683|11196|27791|8689
8129250,2683|11196|27791|8689|14020
7892000,7868|2683|11196|27791|8689
2198750,7868|2683|11196|27791|8689
2253250,7868|2683|11196|27791|8689
11737250,7868|2683|11196|27791|8689
4658500,7868|2683|11196|27791|8689
7322250,7868|2683|11196|27791|8689
11129250,7868|2683|11196|27791|8689
9215000,7868|2683|11196|27791|8689
10539250,7868|2683|11196|27791|8689
9438000,7868|2683|11196|27791|8689
5726500,7868|2683|11196|27791|8689
7060500,7868|2683|11196|27791|8689
139000,7868|2683|11196|27791|8689
4447000,7868|2683|11196|27791|8689
1025250,7868|2683|11196|27791|8689
9512750,7868|2683|11196|27791|8689
10774750,7868|2683|11196|27791|8689
12229000,7868|2683|11196|27791|8689
8822250,7868|2683|11196|27791|8689
9212500,7868|2683|11196|27791|8689
5239500,7868|2683|11196|27791|8689
1459750,7868|2683|11196|27791|8689
9199500,7868|2683|11196|27791|8689
7002750,7868|2683|11196|27791|8689
472000,7868|2683|11196|27791|8689
4257000,7868|2683|27791|8689|14020
6751750,7868|2683|11196|27791|8689
6849750,7868|2683|11196|27791|8689
83250,7868|2683|11196|27791|8689
7830250,7868|2683|11196|27791|8689
9394500,7868|2683|11196|27791|8689
1688750,7868|2683|11196|27791|8689
5769750,7868|2683|11196|27791|8689
2676250,7868|2683|11196|27791|8689
10818500,7868|2683|11196|27791|8689
3742000,7868|2683|11196|27791|8689
8243500,7868|2683|27791|8689|14020
3096750,7868|2683|11196|27791|8689
8040000,7868|2683|11196|27791|8689
1114000,7868|2683|11196|27791|8689
7494250,7868|2683|11196|27791|8689
19500,7868|2683|11196|27791|8689
2752000,7868|2683|11196|27791|8689
8248750,7868|2683|11196|27791|8689
7893250,7868|2683|11196|27791|8689
4392000,7868|2683|11196|27791|8689
5539250,2683|11196|27791|14020|905
3215500,7868|2683|11196|27791|8689
10119250,7868|2683|11196|27791|8689
9437500,7868|2683|11196|27791|8689
2232500,7868|2683|11196|27791|8689
11939000,7868|2683|11196|27791|8689
1953250,7868|2683|11196|27791|8689
10229250,7868|2683|11196|27791|14020
11141500,7868|2683|11196|27791|8689
711500,7868|2683|11196|27791|8689
6301250,7868|2683|11196|27791|14020
764000,7868|2683|11196|27791|8689
3288750,7868|2683|11196|27791|8689
5061750,7868|2683|11196|27791|8689
10257500,7868|2683|11196|27791|8689
1724000,7868|2683|11196|27791|8689
4902250,7868|2683|11196|27791|8689
10713250,7868|2683|11196|27791|8689
10261750,7868|2683|11196|27791|8689
6458500,7868|2683|11196|27791|8689
82250,7868|2683|11196|27791|8689
6258500,7868|2683|11196|27791|8689
6904000,7868|2683|11196|27791|8689
393250,7868|2683|11196|27791|8689
2132250,7868|2683|11196|27791|8689
1806750,7868|2683|11196|27791|8689
9720000,7868|2683|11196|27791|8689
4189500,7868|2683|11196|27791|8689
12015000,7868|2683|11196|27791|8689
5899750,7868|2683|11196|27791|8689
8529750,7868|2683|11196|27791|8689
4620000,7868|2683|11196|27791|8689
9163000,7868|2683|11196|27791|8689
887750,7868|2683|11196|27791|8689
6848000,7868|2683|11196|27791|8689
10619000,7868|2683|11196|27791|8689
2078000,7868|2683|11196|8689|14020
2968250,7868|2683|11196|27791|8689
10234000,7868|2683|11196|27791|8689
6874250,7868|11196|27791|8689|14020
1724250,7868|2683|11196|27791|8689
2975500,7868|2683|11196|27791|8689
11613500,7868|2683|11196|27791|8689
6807250,7868|2683|11196|8689|14020
747500,7868|2683|11196|27791|8689
4421250,7868|2683|11196|27791|8689
6272000,7868|2683|11196|27791|8689
12388250,7868|2683|11196|27791|8689
5959000,7868|2683|11196|8689|14020
11121500,7868|2683|11196|27791|8689
1517000,7868|2683|11196|27791|8689
11158000,2683|11196|27791|8689|14020
9694750,7868|2683|11196|27791|8689
4059500,7868|2683|11196|27791|8689
10393750,7868|2683|11196|27791|8689
3524750,7868|2683|11196|27791|8689
2988000,7868|2683|11196|27791|8689
1338750,7868|2683|11196|27791|8689
1622500,7868|2683|11196|27791|8689
3892750,7868|2683|11196|27791|8689
9802000,7868|2683|11196|27791|8689
3363000,7868|2683|11196|27791|8689
7785250,7868|2683|11196|27791|8689
10052000,7868|2683|11196|27791|8689
12065000,7868|2683|11196|27791|8689
12142750,7868|2683|11196|27791|8689
8070000,7868|2683|11196|27791|8689
2033500,7868|2683|11196|27791|14020
11527500,7868|2683|11196|8689|14020
8346250,7868|2683|11196|27791|8689
9123500,7868|2683|11196|27791|8689
6061250,7868|2683|11196|27791|8689
4025000,7868|2683|11196|27791|8689
2480750,7868|2683|11196|27791|8689
7269250,7868|2683|11196|8689|14020
3304500,7868|2683|11196|27791|8689
9352750,7868|2683|11196|27791|8689
2148250,7868|2683|11196|27791|8689
6754250,7868|2683|11196|27791|8689
10224750,7868|2683|11196|27791|8689
3310750,7868|2683|11196|27791|8689
8033500,7868|2683|11196|27791|8689
364250,7868|2683|11196|27791|8689
8385000,7868|2683|11196|27791|8689
10840750,7868|2683|11196|27791|8689
746000,7868|2683|11196|27791|8689
599750,7868|2683|11196|27791|8689
1449250,7868|2683|11196|27791|8689
4921000,7868|2683|11196|27791|8689
4716750,7868|11196|27791|8689|14020
691500,7868|2683|11196|27791|8689
8280500,7868|2683|11196|27791|8689
9103250,7868|2683|11196|27791|8689
11949750,7868|2683|11196|27791|8689
3734250,7868|2683|11196|27791|8689
11494250,7868|2683|27791|8689|14020
6957500,7868|2683|11196|27791|8689
984500,7868|2683|11196|8689|14020
8163500,7868|2683|11196|27791|8689
8096750,7868|2683|11196|27791|8689
10057000,7868|2683|11196|27791|8689
8271000,7868|2683|11196|27791|8689
439000,2683|11196|27791|8689|14020
8649250,7868|2683|11196|27791|8689
6003750,2683|11196|27791|8689|14020
10799000,7868|2683|11196|27791|8689
11923000,7868|2683|11196|27791|8689
10979500,7868|2683|11196|27791|8689
2733500,7868|2683|11196|27791|8689
6354500,7868|2683|11196|27791|8689
3295250,7868|2683|11196|27791|8689
11894500,7868|2683|11196|27791|8689
11220500,7868|2683|11196|27791|8689
5697750,7868|2683|11196|8689|14020
3266750,7868|2683|11196|27791|8689
892500,7868|2683|11196|27791|8689
776750,7868|2683|11196|27791|8689
1767500,7868|2683|11196|27791|8689
6571000,7868|2683|11196|27791|8689
10588000,7868|2683|11196|27791|8689
8160750,7868|2683|11196|27791|8689
10185750,7868|2683|11196|27791|8689
5642000,7868|2683|11196|27791|8689
282500,7868|11196|27791|8689|14020
1459000,7868|2683|11196|27791|8689
5465250,7868|2683|11196|27791|8689
8215250,7868|2683|11196|27791|8689
5987000,7868|2683|11196|27791|8689
6852750,7868|2683|11196|27791|8689
8861500,7868|2683|11196|27791|8689
11972750,7868|2683|11196|27791|8689
5143250,7868|2683|11196|27791|8689
8628250,7868|2683|11196|27791|8689
887500,7868|2683|11196|27791|8689
2428500,7868|2683|11196|27791|8689
11711250,7868|2683|11196|27791|8689
2807500,7868|2683|11196|27791|8689
7703750,7868|2683|11196|27791|8689
11984750,7868|2683|11196|27791|8689
6921750,7868|2683|11196|27791|8689
5440750,7868|2683|11196|27791|8689
10477000,7868|2683|11196|27791|8689
11503250,7868|2683|11196|27791|8689
4215750,7868|2683|11196|27791|8689
11683250,7868|2683|11196|27791|8689
6067750,7868|2683|11196|27791|8689
5994250,7868|2683|11196|27791|8689
7184500,2683|11196|8689|14020|905
9651250,7868|2683|11196|27791|8689
236000,7868|2683|11196|27791|8689
8848250,7868|2683|11196|27791|8689
2688750,7868|2683|11196|27791|8689
1324500,2683|11196|27791|8689|14020
8508750,7868|2683|11196|27791|8689
3350250,7868|2683|11196|27791|8689
4625750,7868|2683|11196|27791|8689
448250,7868|2683|11196|27791|8689
12204750,7868|2683|11196|27791|8689
6571750,7868|2683|11196|27791|8689
1620500,7868|2683|11196|27791|8689
11032250,7868|2683|11196|27791|8689
5999000,7868|2683|11196|27791|8689
4533750,7868|2683|11196|27791|8689
6634500,7868|2683|11196|27791|8689
3149000,7868|2683|11196|27791|8689
5012750,7868|2683|27791|8689|14020
5336750,7868|2683|11196|27791|8689
10927500,7868|2683|11196|27791|8689
4922750,7868|2683|11196|27791|8689
4963500,7868|2683|11196|27791|8689
5742000,7868|2683|11196|27791|8689
2557000,7868|2683|11196|27791|8689
2006000,7868|2683|11196|27791|8689
5751500,7868|2683|11196|27791|8689
7405250,7868|2683|11196|27791|8689
8072250,7868|2683|27791|8689|905
11751000,7868|2683|11196|27791|8689
6523250,7868|2683|11196|27791|8689
3257000,7868|2683|11196|27791|8689
6257000,7868|2683|11196|27791|8689
11283500,7868|2683|11196|27791|8689
3075000,7868|2683|11196|27791|8689
10642000,7868|2683|11196|27791|8689
2476250,7868|2683|11196|27791|8689
4004500,7868|2683|11196|27791|8689
10309250,7868|2683|11196|27791|8689
8573000,7868|2683|11196|27791|8689
1641000,7868|2683|11196|27791|8689
848500,7868|2683|11196|27791|8689
9513250,7868|2683|11196|27791|8689
1244250,7868|2683|11196|27791|8689
9906500,7868|2683|11196|27791|14020
7699500,7868|2683|11196|27791|8689
7588000,7868|2683|11196|27791|8689
8940500,7868|2683|11196|27791|8689
12331000,7868|2683|11196|27791|8689
11747250,7868|2683|11196|27791|8689
5287000,7868|2683|11196|27791|8689
12154500,2683|11196|14020|905|14261
5155750,7868|2683|11196|27791|8689
1629250,7868|2683|11196|27791|8689
4680000,7868|2683|11196|27791|8689
2823250,7868|2683|11196|27791|8689
71250,7868|2683|11196|27791|8689
12004000,7868|2683|11196|27791|8689
11687000,7868|2683|11196|27791|14020
7886000,7868|2683|11196|27791|8689
10578000,7868|2683|11196|27791|8689
11300000,7868|2683|11196|27791|8689
7383000,7868|2683|11196|27791|8689
2076000,7868|2683|11196|27791|8689
11612500,7868|2683|11196|27791|8689
2492500,7868|2683|11196|27791|8689
8745250,7868|2683|11196|27791|8689
9278500,7868|2683|11196|27791|8689
7657250,7868|2683|11196|27791|8689
1528500,7868|2683|11196|27791|8689
11440500,7868|2683|11196|27791|8689
965500,7868|2683|11196|27791|8689
4880250,7868|2683|11196|27791|8689
4336750,7868|2683|11196|27791|8689
1118250,7868|2683|11196|27791|8689
1365000,7868|2683|11196|27791|8689
11646500,7868|2683|11196|27791|8689
5467250,7868|2683|11196|27791|8689
7918750,7868|2683|11196|27791|8689
1904750,7868|2683|11196|27791|8689
252500,7868|2683|11196|27791|8689
39750,7868|2683|11196|27791|8689
4133750,7868|2683|11196|27791|8689
11078500,7868|2683|11196|27791|8689
6412250,7868|2683|11196|27791|8689
9973000,7868|2683|11196|27791|8689
1758250,7868|2683|11196|8689|14020
3010000,7868|2683|11196|27791|8689
3312500,7868|2683|11196|27791|8689
10185000,7868|2683|11196|27791|8689
8324500,7868|2683|11196|27791|8689
380000,7868|2683|11196|27791|8689
4547500,7868|2683|11196|27791|8689
5226250,7868|2683|11196|27791|14020
12239250,7868|2683|11196|27791|8689
731750,7868|2683|27791|8689|14020
2788750,7868|2683|11196|27791|8689
6564500,7868|2683|11196|27791|8689
12015250,7868|2683|11196|27791|8689
4809000,7868|2683|11196|27791|8689
7445000,7868|2683|11196|27791|8689
791500,7868|2683|11196|27791|8689
1661750,7868|2683|11196|27791|8689
12337750,7868|2683|11196|27791|8689
11957000,7868|2683|11196|27791|8689
8327250,7868|2683|11196|27791|8689
8216750,7868|2683|11196|27791|8689
1173500,7868|2683|11196|27791|8689
5238000,7868|11196|27791|8689|14020
10654750,7868|2683|11196|27791|8689
6694750,7868|2683|11196|27791|8689
11167500,7868|2683|11196|27791|8689
4782250,7868|2683|11196|8689|14020
1906000,7868|11196|27791|8689|14020
11734000,7868|2683|11196|27791|8689
9782500,7868|2683|11196|27791|8689
1441500,7868|2683|11196|27791|8689
3590000,7868|2683|11196|27791|8689
6713250,7868|2683|11196|27791|8689
42000,7868|2683|11196|27791|8689
6872750,7868|2683|11196|27791|8689
7715000,7868|2683|11196|27791|8689
745750,7868|2683|11196|27791|8689
154500,7868|2683|11196|27791|14020
12016750,7868|2683|11196|27791|8689
573000,7868|2683|11196|27791|8689
2331750,7868|2683|11196|27791|8689
7976750,7868|2683|11196|27791|8689
8757750,7868|2683|11196|27791|8689
7286500,7868|2683|11196|27791|8689
10095000,7868|2683|11196|27791|8689
11936000,7868|2683|11196|27791|8689
2364500,7868|2683|11196|27791|8689
3675000,7868|2683|11196|27791|8689
10715500,7868|2683|11196|27791|8689
8149250,7868|2683|27791|8689|14020
8111500,7868|2683|11196|27791|8689
11625250,7868|2683|11196|27791|8689
4259500,7868|2683|11196|27791|8689
3001000,7868|2683|11196|27791|8689
11558000,7868|2683|11196|27791|8689
969750,7868|2683|11196|27791|8689
10966250,7868|2683|11196|27791|14020
5812000,7868|11196|27791|8689|14020
6848750,7868|2683|11196|27791|14020
10592750,7868|2683|11196|27791|8689
4256000,7868|2683|11196|8689|14020
5962750,7868|11196|27791|8689|14020
371250,7868|2683|11196|27791|8689
11794250,7868|2683|11196|27791|8689
7345250,7868|2683|11196|27791|8689
10492250,7868|2683|11196|27791|8689
2187500,7868|2683|11196|27791|8689
3288250,7868|2683|11196|27791|8689
2940000,7868|11196|27791|8689|14020
3410000,7868|2683|11196|27791|8689
3781500,7868|2683|11196|27791|8689
8216500,7868|2683|11196|8689|14020
7476250,7868|2683|11196|27791|8689
6155250,7868|2683|11196|27791|8689
9394250,7868|2683|11196|27791|8689
4631250,7868|2683|11196|27791|8689
3799500,7868|2683|11196|27791|8689
5293250,7868|2683|11196|27791|8689
1086750,2683|11196|27791|8689|14020
5261000,7868|2683|11196|27791|8689
4886500,7868|2683|11196|27791|8689
7003500,7868|2683|27791|8689|14020
4501000,7868|2683|11196|27791|8689
5052000,2683|11196|27791|8689|14020
3511000,7868|2683|11196|27791|8689
9173750,7868|2683|11196|27791|8689
3861500,2683|11196|27791|8689|14020
1838750,7868|2683|11196|27791|8689
8949750,7868|2683|11196|27791|8689
4118250,7868|2683|11196|27791|8689
7787500,7868|2683|11196|27791|8689
8051750,7868|2683|11196|27791|8689
11313000,7868|2683|8689|14020|905
4304250,2683|11196|27791|8689|14020
